feature,importance
month,1193
relative_to_building_scale,1099
rolling_min_24,1032
diff_1,744
flat_count_24,738
baseline_mad,731
rolling_std_24,676
meter_reading,608
ratio_lag_24,574
hour,565
robust_z,559
ratio_lag_1,549
rolling_max_24,543
if_score,497
baseline_median,495
dow,492
relative_to_baseline,449
ratio_lag_168,431
lag_1,407
dow_sin,380
diff_168,370
rolling_mean_24,366
diff_24,338
lag_2,330
hour_cos,305
rolling_mean_6,289
hour_sin,288
lag_24,286
lag_168,274
dow_cos,188
weekend,14
zero_count_24,0
