model,top_fraction,k,hits,precision_at_k,recall_at_k,lift_vs_random
RobustZ,0.005,1238,11,0.008885298869143781,0.0020172382174949567,0.403589404181481
RobustZ,0.01,2476,26,0.01050080775444265,0.00476801760498808,0.47696929585084114
RobustZ,0.02,4953,99,0.019987886129618413,0.01815514395745461,0.9078928207934708
RobustZ,0.05,12384,133,0.010739664082687339,0.024390243902439025,0.4878186645238546
RobustZ,0.1,24768,207,0.008357558139534883,0.0379607555474051,0.37961828404675896
IsolationForest,0.005,1238,83,0.06704361873990307,0.015220979277461948,3.045265504278447
IsolationForest,0.01,2476,91,0.036752827140549275,0.01668806161745828,1.669392535477944
IsolationForest,0.02,4953,104,0.02099737532808399,0.01907207041995232,0.9537459935608178
IsolationForest,0.05,12384,1652,0.13339793281653747,0.3029525032092426,6.059221306717352
IsolationForest,0.1,24768,2678,0.10812338501291989,0.49110581331377223,4.9111969308078285
GradientBoosting,0.005,1238,1238,1.0,0.22703099211443242,45.42215294333395
GradientBoosting,0.01,2476,2476,1.0,0.45406198422886485,45.42215294333395
GradientBoosting,0.02,4953,3293,0.6648495861094287,0.6038877682009903,30.198899584574743
GradientBoosting,0.05,12384,3427,0.27672803617571057,0.6284613973959289,12.569583182881575
GradientBoosting,0.1,24768,3505,0.14151324289405684,0.642765450210893,6.427836162241015
